loop_id;module;function_name;function_id;source_info;level;inc_time_p;inc_time_s;inc_time_s_min;inc_time_s_avg;inc_time_s_max;inc_cov_deviation;inc_time_deviation;exc_time_p;exc_time_s;exc_time_s_min;exc_time_s_avg;exc_time_s_max;exc_cov_deviation;exc_time_deviation;nb_threads;flops;
263;main;QuadTree::updateParticles(double) [clone ._omp_fn.0];515;;Innermost;0.55762022733688;0.062146738171577;0.035000003874302;0.056250005960464;0.08500000834465;0.20768296718597;0.021746650338173;0.55762022733688;0.062146738171577;0.035000003874302;0.056250005960464;0.08500000834465;0.20768296718597;0.021746650338173;4;;
261;main;QuadTree::buildTree();500;;Single;0.086774043738842;0.0096709616482258;0.015000000596046;0.017499998211861;0.01999999769032;0.032065458595753;0.0035355319269001;0.086774043738842;0.0096709616482258;0.015000000596046;0.017499998211861;0.01999999769032;0.032065458595753;0.0035355319269001;2;;
264;main;QuadTree::updateParticles(double) [clone ._omp_fn.0];515;;Outermost;0.60719245672226;0.067671559751034;0.040000002831221;0.061250001192093;0.090000003576279;0.20988327264786;0.021746648475528;0.049572259187698;0.0055248248390853;0.00499999942258;0.0049999998882413;0.0050000003539026;0.0094944909214973;4.6566128730774e-10;4;;
265;main;QuadTree::updateParticles(double) [clone ._omp_fn.1];516;;Single;0.024831306189299;0.0027674476150423;0.00999999884516;0.00999999884516;0.00999999884516;0;0;0.024831306189299;0.0027674476150423;0.00999999884516;0.00999999884516;0.00999999884516;0;0;1;;
7;main;__gnu_cxx::__enable_if<std::__is_scalar<double>::__value, void>::__type std::__fill_a1<double*, double>(double*, double*, double const&);134;;Single;0.0247409529984;0.0027573776897043;0.010000000707805;0.010000000707805;0.010000000707805;0;0;0.0247409529984;0.0027573776897043;0.010000000707805;0.010000000707805;0.010000000707805;0;0;1;;
262;main;QuadTree::buildTree();500;;Single;0.0123704764992;0.0013786888448521;0.0050000003539026;0.0050000003539026;0.0050000003539026;0;0;0.0123704764992;0.0013786888448521;0.0050000003539026;0.0050000003539026;0.0050000003539026;0;0;1;;
