Node;Process;Thread;#max_time_on_cpu_s;#Stop Time US;Time (s);Math (%);#Elapsed Time;String (%);#Stop Time S;Others (%);System (%);#Start Time US;Memory (%);OMP (%);Binary (%);Nb Cycle Events;#max_context_switch_time_s;IO (%);#Start Time S;MPI (%);Pthread (%);
_ALL;_ALL;_ALL;0;459084;11.045023918152;35.890749705585;13.478862762451;0;1741651650;0.099801625432731;0.18712666035832;980221;0.099799544440652;4.0294227974836;51.422175041298;8016.0057663813;0;0.012475203179091;1741651636;8.2583659904094;0;
CORENTIN-R5-PC;_ALL;_ALL;0;459084;11.045023918152;35.890749705585;13.478862762451;0;1741651650;0.099801625432731;0.18712666035832;980221;0.099799544440652;4.0294227974836;51.422175041298;8016.0057663813;0;0.012475203179091;1741651636;8.2583659904094;0;
CORENTIN-R5-PC;2849;_ALL;0;502504;11.045023918152;40.014014154496;12.462804794312;0;1741651650;0.18752908927657;0.25785249775528;39699;0.046882272319142;3.0004653534089;55.696129875552;4266.0048266973;0;0.023441136159571;1741651638;0.77355747451179;0;
CORENTIN-R5-PC;2849;2849;9.0701875686646;502504;11.045023918152;38.026159884393;12.462804794312;0;1741651650;0.27161549604177;0.36215399472236;39699;0.090538498680589;1.3580775526441;58.352049976992;2209.0050411105;7.8459181785583;0.045269249340294;1741651638;1.4938851920121;0;
CORENTIN-R5-PC;2849;2872;7.8472719192505;505042;10.259998321533;42.251465740345;11.213433265686;0;1741651650;0;0;291609;0;4.7758287251322;52.972708419691;2051.9997855868;0.31705901026726;0;1741651639;0;0;
CORENTIN-R5-PC;2829;_ALL;0;459084;11.03498840332;31.199989525594;13.478862762451;0;1741651650;0;0.10666663993788;980221;0.15999995990683;5.1999983609419;46.559984561883;3750.000939684;0;0;1741651636;16.773328388833;0;
CORENTIN-R5-PC;2829;2829;9.869457244873;459084;11.03498840332;26.008177462003;13.478862762451;0;1741651650;0;0.18124166880812;980221;0.27186250321218;0.27186248508639;44.766688570448;2206.9979968209;9.869457244873;0;1741651636;28.500251160335;0;
CORENTIN-R5-PC;2829;2873;9.8316698074341;459162;7.7150139808655;38.625975896661;11.167231559753;0;1741651650;0;0;291930;0;12.248841693601;49.124983338529;1543.0029428631;0.25983801484108;0;1741651639;0;0;
