Node;Process;Thread;#max_time_on_cpu_s;#Stop Time US;Time (s);Math (%);#Elapsed Time;String (%);#Stop Time S;Others (%);System (%);#Start Time US;Memory (%);OMP (%);Binary (%);Nb Cycle Events;#max_context_switch_time_s;IO (%);#Start Time S;MPI (%);Pthread (%);
_ALL;_ALL;_ALL;0;92967;11.144993782043;35.034531889319;13.432627677917;0;1741652743;0.074313214554876;0.21061434643401;660339;0.13630113436302;4.1161692280628;51.949910685061;8070.0057066611;0;0.024740953495976;1741652729;8.4533437363572;0;
CORENTIN-R5-PC;_ALL;_ALL;0;92967;11.144993782043;35.034531889319;13.432627677917;0;1741652743;0.074313214554876;0.21061434643401;660339;0.13630113436302;4.1161692280628;51.949910685061;8070.0057066611;0;0.024740953495976;1741652729;8.4533437363572;0;
CORENTIN-R5-PC;9353;_ALL;0;92967;11.115000724792;29.864591767873;13.432627677917;0;1741652743;0.053092595341603;0.18582408369561;660339;0.13273149366489;5.3888984006182;47.305505067636;3767.0036417166;0;0;1741652729;17.069269901549;0;
CORENTIN-R5-PC;9353;9353;6.1231842041016;92967;11.115000724792;24.831303843292;13.432627677917;0;1741652743;0.089968496098714;0.3148897363455;660339;0.22492124924639;0.40485824144382;45.20916823665;2223.000368713;6.1231842041016;0;1741652729;28.9248723417;0;
CORENTIN-R5-PC;9353;9412;6.094310760498;95327;7.7200155258179;37.11133865489;11.210425376892;0;1741652743;0;0;884902;0;12.564740126635;50.323735423562;1544.0032730035;0.25480699539185;0;1741652731;0;0;
CORENTIN-R5-PC;9373;_ALL;0;138983;11.144993782043;39.577013259696;12.448525428772;0;1741652743;0.092958356506193;0.2323958959318;690458;0.13943753942561;2.9979070393216;56.030639958136;4303.0020649446;0;0.046479178253096;1741652730;0.88310439614148;0;
CORENTIN-R5-PC;9373;9373;8.3858375549316;138983;11.144993782043;38.62720641038;12.448525428772;0;1741652743;0.13458957926116;0.3589055537046;690458;0.26917916753049;1.3010326445654;57.514612240426;2228.9987207544;8.2393894195557;0.089726386174107;1741652730;1.7048013553244;0;
CORENTIN-R5-PC;9373;9411;8.2324628829956;141646;10.355016708374;40.656610401893;11.256678581238;0;1741652743;0;0;884967;0;4.8285774662654;54.51462096773;2071.0033441902;0.21057100594044;0;1741652731;0;0;
