name;time_p;time_s;cpi_ratio;
/home/corentin/Documents/Cours/M2/CHPS0901/Projet_CHPS0901/maqao_2025-03-11_01-29-23/binaries/main;82.809539794922;3.759548664093;;
/usr/lib/libgomp.so.1.0.0;9.1254177093506;0.4142934679985;;
/usr/lib/libmpi.so.40.40.7;3.7676050662994;0.17104907333851;;
/usr/lib/libopen-pal.so.80.0.5;3.4143536090851;0.15501147508621;;
/usr/lib/libc.so.6;0.73592907190323;0.033411141484976;;
/usr/lib/libcuda.so.570.124.04;0.05887521058321;0.0026729314122349;;
/usr/lib/libstdc++.so.6.0.33;0.029441257938743;0.0013366314815357;;
/usr/lib/ld-linux-x86-64.so.2;0.029433956369758;0.0013363000471145;;
/usr/lib/libucm.so.0.0.0;0.029433956369758;0.0013363000471145;;
