name;time_p;time_s;cpi_ratio;
/home/corentin/Documents/Cours/M2/CHPS0901/Projet_CHPS0901/maqao_2025-03-11_01-40-39/binaries/main;90.056076049805;94.887336730957;;
/usr/lib/libmpi.so.40.40.7;4.6047163009644;4.8517470359802;;
/usr/lib/libopen-pal.so.80.0.5;3.8648405075073;4.0721788406372;;
/usr/lib/libc.so.6;0.89038878679276;0.93815577030182;;
/usr/lib/libgomp.so.1.0.0;0.56486427783966;0.59516769647598;;
/usr/lib/libstdc++.so.6.0.33;0.012309837155044;0.012970226816833;;
/usr/lib/ld-linux-x86-64.so.2;0.0041032792069018;0.0043234089389443;;
/usr/lib/libucm.so.0.0.0;0.0013675956288353;0.0014409634750336;;
/usr/lib/libxml2.so.2.13.6;0.0013675956288353;0.0014409634750336;;
