Node;Process;Thread;#max_time_on_cpu_s;#Stop Time US;Time (s);Math (%);#Elapsed Time;String (%);#Stop Time S;Others (%);System (%);#Start Time US;Memory (%);OMP (%);Binary (%);Nb Cycle Events;#max_context_switch_time_s;IO (%);#Start Time S;MPI (%);Pthread (%);
_ALL;_ALL;_ALL;0;563953;4.5399947166443;0;6.8782858848572;0;1741652971;0.029441256276069;0.29436875099062;685667;0.3532439556924;9.1254171243254;82.809530998827;3396.9999467824;0;0.029441256276069;1741652964;7.3585766025678;0;
CORENTIN-R5-PC;_ALL;_ALL;0;563953;4.5399947166443;0;6.8782858848572;0;1741652971;0.029441256276069;0.29436875099062;685667;0.3532439556924;9.1254171243254;82.809530998827;3396.9999467824;0;0.029441256276069;1741652964;7.3585766025678;0;
CORENTIN-R5-PC;9739;_ALL;0;563953;4.5399947166443;0;6.8782858848572;0;1741652971;0;0.36674835946927;685667;0.42787307381862;11.491449159232;73.166307754018;1635.9991381237;0;0;1741652964;14.547685757177;0;
CORENTIN-R5-PC;9739;9779;4.3430261611938;566495;3.6400005817413;0;4.6573877334595;0;1741652971;0;0;909107;0;25.54944726377;74.450546855224;728.00012964156;0.091577999293804;0;1741652966;0;0;
CORENTIN-R5-PC;9739;9739;4.5036101341248;563953;4.5399947166443;0;6.8782858848572;0;1741652971;0;0.66079367311535;685667;0.77092592993439;0.22026455770512;72.13665218894;907.99900848212;4.3536882400513;0;1741652964;26.211483865188;0;
CORENTIN-R5-PC;9759;_ALL;0;605952;4.5300035476685;0;5.8749141693115;0;1741652971;0.056785891016238;0.22714356406495;731038;0.28392945508119;6.9278790447211;91.76602439281;1761.0008086587;0;0.056785891016238;1741652965;0.68143069219485;0;
CORENTIN-R5-PC;9759;9778;3.5590658187866;608848;4.2749991416931;0;4.6996059417725;0;1741652971;0;0;909242;0;11.57894840857;88.421068855841;854.99998019856;3.4968919754028;0;1741652966;0;0;
CORENTIN-R5-PC;9759;9759;3.5602788925171;605952;4.5300035476685;0;5.8749141693115;0;1741652971;0.11037517500946;0.44150070003782;731038;0.55187587504728;2.5386289589876;94.922684771073;906.00082846015;3.5602788925171;0.11037517500946;1741652965;1.3245021001135;0;
