name;time_p;time_s;cpi_ratio;
/home/corentin/Documents/Cours/M2/CHPS0901/Projet_CHPS0901/maqao_2025-03-11_02-00-33/binaries/main;93.989364624023;54.193927764893;;
/usr/lib/libgomp.so.1.0.0;2.0965423583984;1.2088587284088;;
/usr/lib/libmpi.so.40.40.7;1.6305160522461;0.9401496052742;;
/usr/lib/libopen-pal.so.80.0.5;1.3689920902252;0.78935587406158;;
/usr/lib/libc.so.6;0.89996933937073;0.51891905069351;;
/usr/lib/libstdc++.so.6.0.33;0.0087658567354083;0.0050543611869216;;
[vdso];0.0029219845309854;0.0016848057275638;;
/usr/lib/libcuda.so.570.124.04;0.0014610409270972;0.00084243091987446;;
/usr/lib/libevent_core-2.1.so.7.0.1;0.0014610409270972;0.00084243091987446;;
