name;time_p;time_s;cpi_ratio;
/home/corentin/Documents/Cours/M2/CHPS0901/Projet_CHPS0901/maqao_2025-03-11_20-39-25/binaries/main;93.312393188477;53.589263916016;;
/usr/lib/libgomp.so.1.0.0;2.1681821346283;1.2451858520508;;
/usr/lib/libmpi.so.40.40.7;2.0261769294739;1.1636325120926;;
/usr/lib/libopen-pal.so.80.0.5;1.6123678684235;0.92598205804825;;
/usr/lib/libc.so.6;0.86610198020935;0.49740192294121;;
/usr/lib/libstdc++.so.6.0.33;0.0059117246419191;0.0033951005898416;;
[vdso];0.004434076603502;0.0025464880745858;;
/usr/lib/ld-linux-x86-64.so.2;0.0029559754766524;0.0016976152546704;;
/usr/lib/libcuda.so.570.124.04;0.0014781010104343;0.00084887264529243;;
